Questions,Answers,Hyperlink
"What is Broadband - Definition, Meaning & Explanation","Broadband is a high-speed internet connection that allows you to access the internet at faster speeds than traditional dial-up connections. It is typically always-on and can be delivered through various technologies, including DSL, cable, fiber optics, and more. Broadband enables you to stream videos, browse websites, play online games, and conduct various online activities with ease.",https://www.verizon.com/articles/internet-essentials/broadband-definition/
"What is Fiber Optics - Definition, Meaning & Explanation","Fiber optics is a technology that uses thin strands of glass or plastic to transmit data using light signals. It offers high-speed data transmission and is known for its reliability and capacity to carry a large amount of data over long distances. Fiber optics is commonly used in telecommunications networks, internet connections, and cable television systems.",https://www.verizon.com/articles/internet-essentials/fiber-optics-definition/
What is Wi-Fi?,"Wi-Fi, short for Wireless Fidelity, is a wireless technology that allows devices like smartphones, laptops, and tablets to connect to the internet without the need for physical cables. Wi-Fi networks use radio waves to transmit data, providing a convenient and flexible way to access the internet in homes, businesses, and public places.",https://www.verizon.com/articles/internet-essentials/wifi-definiton/
What is a Good Internet Speed?,"A good internet speed depends on your specific needs and usage patterns. For basic web browsing and email, speeds of 25-50 Mbps are usually sufficient. If you stream high-definition videos or play online games, you may need 100 Mbps or more. Factors like the number of devices connected and your online activities impact the ideal speed for your situation.",https://www.verizon.com/articles/internet-speed-classifications/
4G LTE Speeds vs. Your Home Network,"4G LTE offers high-speed mobile internet, making it suitable for activities like web browsing, social media, and video streaming on mobile devices. However, your home network, with its wired connections and higher bandwidth, can provide faster and more stable internet speeds. Home networks are better for demanding activities such as 4K video streaming and online gaming.",https://www.verizon.com/articles/internet-essentials/4g-lte-speeds-vs-your-home-network/
Internet Essentials,"Verizon's Internet Essentials is a program aimed at providing affordable internet access to low-income households. It offers a discounted rate for broadband internet service to ensure that more individuals and families can access essential online resources, education, and job opportunities.",https://www.verizon.com/articles/internet-essentials/
Customize your Plan with Verizon’s 5G Unlimited Plans,"With Verizon's 5G Unlimited Plans, you can tailor your mobile plan to fit your specific needs. These plans offer unlimited data, talk, and text, with options for different data speeds and perks like 5G access and mobile hotspot capabilities. You can choose the plan that best suits your usage patterns and preferences.",https://www.verizon.com/articles/verizon-unlimited-plans/
How to Make Your Home a Smart Home,"Transforming your home into a smart home involves integrating various devices and technologies that can be controlled remotely. You can use smart speakers, thermostats, lights, and security systems that connect to your smartphone or voice assistant. This allows you to automate tasks and create a more convenient and efficient living space.",https://www.verizon.com/articles/smart-home-technology/
Moving? Plan Ahead With Verizon,"When moving, it's essential to plan ahead with Verizon to transfer your services to your new location. You can schedule the move of your internet, TV, and phone services to ensure a seamless transition. Verizon can assist you with the logistics of setting up your services in your new home.",https://www.verizon.com/articles/moving-plan-ahead-with-verizon/
The Difference Between 4G and 5G: Understanding Network...,"4G and 5G are different generations of wireless network technology. 4G, or Fourth Generation, is the current standard for mobile networks, while 5G, or Fifth Generation, represents the next evolution in wireless technology. 5G promises significantly faster speeds, lower latency, and the ability to connect more devices simultaneously, making it ideal for applications like augmented reality and autonomous vehicles.",https://www.verizon.com/articles/internet-essentials/network-speed-comparison/
What is Antivirus?,"Antivirus software is designed to protect your devices from malware, viruses, and other threats. It scans your files and system for malicious software and provides real-time protection to prevent infections. Having antivirus software installed is crucial to keeping your devices and data safe from online threats.",https://www.verizon.com/articles/internet-essentials/antivirus-definition/
How to Use a Wi-Fi Extender or Wi-Fi Booster,"A Wi-Fi extender, also known as a Wi-Fi booster, is a device that amplifies your existing Wi-Fi signal, extending its coverage to areas with weak or no signal. To use it, you typically place the extender between your router and the area you want to cover. It can improve Wi-Fi performance in larger homes or areas with signal obstructions.",https://www.verizon.com/articles/home/how-to-use-a-wifi-extender-or-wifi-booster/
10 work from home essentials for your home office,"Working from home requires certain essentials for productivity. These may include a comfortable chair, a dedicated workspace, a reliable computer, a good internet connection, noise-cancelling headphones, and proper lighting. Having the right tools and a well-organized home office can enhance your work-from-home experience.",https://www.verizon.com/articles/home-office-essentials-for-remote-work/
How to Add a Tablet to Your Verizon Plan,"Adding a tablet to your Verizon plan allows you to access mobile data and connect your tablet to the internet via Verizon's network. You can choose a data plan that suits your tablet usage, and this provides you with the flexibility to use your tablet on the go.",https://www.verizon.com/articles/verizon-unlimited-plans/how-to-add-a-tablet-to-your-verizon-plan/
Adding Apple Watch to your Verizon Unlimited plan,"Integrating an Apple Watch with your Verizon Unlimited plan lets you make calls, send texts, and use data on your watch independently. It extends the capabilities of your Apple Watch, and you can share your phone number with it for seamless connectivity.",https://www.verizon.com/articles/verizon-unlimited-plans/adding-apple-watch-to-your-plan/
Purchase a new phone without leaving the house,"You can buy a new phone from Verizon without leaving your home by visiting the Verizon website or using the My Verizon app. You can browse and select from a range of smartphones, place an order, and have it delivered to your doorstep.",https://www.verizon.com/articles/how-to-get-to-a-new-phone-without-leaving-the-house/
Upgrading Your Verizon Device,Upgrading your Verizon device allows you to get the latest smartphone or mobile device with improved features and performance. You can often upgrade your device through Verizon's upgrade program or by purchasing a new device outright.,https://www.verizon.com/articles/Smartphones/upgrading-your-verizon-device/
Device Trade-in Value: How Much is My Phone Worth?,"The trade-in value of your phone depends on its make, model, condition, and age. You can check your phone's trade-in value on the Verizon website or app to see how much you can receive for your old device.",https://www.verizon.com/articles/trade-in-to-trade-up/device-trade-in-value-how-much-is-my-phone-worth/
Is it Time for a Phone Upgrade?,"Deciding whether it's time for a phone upgrade depends on factors like the age of your current device, your usage needs, and the availability of new features. You can assess if it's time for an upgrade by considering these factors.",https://www.verizon.com/articles/Smartphones/is-it-time-for-a-phone-upgrade/
How to get Wi-Fi access on the go.,"You can get Wi-Fi access on the go through public Wi-Fi hotspots, mobile hotspots, or by tethering your smartphone. These methods allow you to connect your devices to the internet when you're away from home or the office.",https://www.verizon.com/articles/wifi-hotspot-service-data-plans/how-to-get-wifi-anywhere/
How to Use Wi-Fi Calling and Mobile Hotspots,"Wi-Fi calling allows you to make phone calls using a Wi-Fi connection, which can be useful when cellular signal is weak. Mobile hotspots enable your smartphone to act as a portable Wi-Fi router, providing internet access to other devices.",https://www.verizon.com/articles/wifi-hotspot-service-data-plans/how-to-use-wifi-calling-and-mobile-hotspots/
How to Use a Verizon Jetpack,"A Verizon Jetpack is a portable device that provides a secure and reliable Wi-Fi connection on the go. To use it, simply power on the Jetpack, connect your devices to its Wi-Fi network, and enjoy internet access wherever you are.",https://www.verizon.com/articles/wifi-hotspot-service-data-plans/how-to-use-a-verizon-jetpack/
How to use your phone as a mobile hotspot,"You can use your phone as a mobile hotspot to share your phone's internet connection with other devices, such as laptops and tablets. This can be helpful when you need internet access for your devices on the go.",https://www.verizon.com/articles/wifi-hotspot-service-data-plans/how-to-use-your-smartphone-as-a-mobile-hotspot/
Suspend or reconnect your wireless service,"You can suspend or reconnect your wireless service through your Verizon account. Suspending your service temporarily halts billing, while reconnecting restores your wireless service.",https://www.verizon.com/articles/verizon-unlimited-plans/how-to-suspend-and-reconnect-your-verizon-wireless-service/
How do virtual doctor visits work?,"Virtual doctor visits, also known as telemedicine or telehealth, allow you to consult with a healthcare provider remotely. This can be done through video calls or phone calls, and it's a convenient way to receive medical advice and treatment without physically visiting a doctor's office.",https://www.verizon.com/articles/how-do-virtual-doctor-visits-work/
Trade-In to Trade-Up,Trading in your old device allows you to upgrade to a new device while receiving credit for your old one. It's an environmentally friendly way to recycle your old device and save on the cost of a new one.,https://www.verizon.com/articles/trade-in-to-trade-up/
What are Phone Bands and Why Do They Matter?,Phone bands refer to the frequencies and network protocols that a smartphone can use to connect to cellular networks. They matter because a phone must support the right bands to work with a specific carrier and take advantage of its network technology.,https://www.verizon.com/articles/Smartphones/what-are-phone-bands-and-why-do-they-matter/
How (and why) to trade in your device,Trading in your device is a cost-effective way to upgrade to a newer model. It also helps reduce electronic waste by recycling old devices.,https://www.verizon.com/articles/how-and-why-to-trade-in-your-device/
How to Pick the Best Phone Plan for One Person,"Choosing the best phone plan for one person involves considering your data, talk, and text needs, as well as any additional features like international calling and data roaming.",https://www.verizon.com/articles/verizon-unlimited-plans/best-phone-plan-for-one-person/
Visiting a Verizon store near you,"Visiting a Verizon store near you is a convenient way to get in-person assistance with your wireless and internet service needs. Verizon's stores offer a range of products and services, including device purchases and technical support.",https://www.verizon.com/articles/make-your-in-store-appointments-with-my-verizon/
Tips & Tricks for Setting up Your Smart Home,"Setting up a smart home can be simplified with the right devices and apps. You can control your lights, thermostat, security system, and more using your smartphone or voice commands.",https://www.verizon.com/articles/smart-home-technology/tips-and-tricks-for-setting-up-your-smart-home/
Your Guide to a Better Work-from-Home Office,"A productive work-from-home office requires the right setup, including a comfortable chair, ergonomic desk, and a reliable internet connection. Lighting and noise reduction are also key factors.",https://www.verizon.com/articles/work-from-home-office-guide/
Sell or Trade in a Phone: Which Is Better?,"The choice between selling or trading in a phone depends on whether you want to maximize financial return or get a convenient upgrade. Selling a phone may offer more value, but trading it in is simpler and quicker.",https://www.verizon.com/articles/trade-in-or-sell-your-old-phone/
5 Ways to Reduce Data Usage & Avoid Overages,"Reducing data usage can help you avoid overage charges on your mobile plan. Strategies include connecting to Wi-Fi, using data-saving apps, and monitoring your data usage.",https://www.verizon.com/articles/verizon-unlimited-plans/5-ways-to-reduce-data-plan-usage/
5 Tips for Curbing Your Mobile Data Usage,"Curbing mobile data usage involves adjusting your device's settings, restricting background data usage, and being mindful of streaming content. These tips can help you stay within your data limits.",https://www.verizon.com/articles/verizon-unlimited-plans/5-tips-for-curbing-your-mobile-data-usage/
Checking Credit on Verizon,Checking your credit on Verizon is essential for managing your account and understanding your financial standing with the company.,https://www.verizon.com/articles/verizon-unlimited-plans/verizon-credit-check-requirements/
How to Use Your Tablet as a Smartphone,Some tablets with cellular capabilities can be used as smartphones by inserting a SIM card. This allows you to make calls and send texts directly from your tablet.,https://www.verizon.com/articles/verizon-unlimited-plans/how-to-use-your-tablet-as-a-phone/
The Difference Between Wi-Fi Data and Cellular Data,"Wi-Fi data and cellular data differ in terms of the network they use and their associated costs. Wi-Fi uses local networks and is often cheaper, while cellular data uses your carrier's network.",https://www.verizon.com/articles/verizon-unlimited-plans/whats-the-difference-between-wifi-data-and-cellular-data/
Making Sense of Data: How Much Do You Need?,"Understanding your data needs is important for choosing the right mobile plan. It depends on your online activities, including streaming, browsing, and social media.",https://www.verizon.com/articles/making-sense-of-data-how-much-do-you-need/
How to Use Google Photos,"Google Photos is a cloud-based photo storage service that allows you to back up, organize, and share your photos and videos.",https://www.verizon.com/articles/google-photos-app-storage-search/
Speech recognition & voice-activated technology,Speech recognition and voice-activated technology enable voice commands to control devices and perform tasks.,https://www.verizon.com/articles/speech-recognition-technology/
5 reasons you need custom ringtones,Custom ringtones allow you to personalize your smartphone and identify incoming calls with unique sounds.,https://www.verizon.com/articles/5-reasons-you-need-custom-ringtones/
Cell phones as educational tools,"Cell phones can serve as valuable educational tools, offering access to educational apps, online resources, and communication tools for students.",https://www.verizon.com/articles/smartphones-in-the-classroom/
Video chat: A quick how-to,"Video chat applications enable you to have real-time video conversations with friends, family, and colleagues over the internet.",https://www.verizon.com/articles/video-chat--a-quick-how-to/
What is cell phone addiction?,Cell phone addiction is a term used to describe excessive and compulsive smartphone use that interferes with daily life.,https://www.verizon.com/articles/cell-phone-addiction/
Tips to maximize at-home entertainment,"To maximize at-home entertainment, consider streaming services, gaming, and creating a comfortable viewing setup.",https://www.verizon.com/articles/tips-to-maximize-at-home-entertainment/
Top 10 battery tips for your smartphone or tablet,"To extend your smartphone or tablet battery life, consider battery-saving tips like adjusting screen brightness and managing background apps.",https://www.verizon.com/articles/top-battery-tips-for-your-smartphone-or-tablet/
How to take good pictures on a smartphone,Capturing high-quality pictures on a smartphone involves understanding photography basics like composition and lighting.,https://www.verizon.com/articles/mobile-photography-101/
Keep life entertaining by connecting mobile devices,"Connecting mobile devices to your TV can enhance your entertainment options, allowing you to stream content and use apps on a larger screen.",https://www.verizon.com/articles/connect-your-smartphone-or-tablet-to-your-tv/
How to preserve smartphone battery life when traveling,"Traveling can pose challenges to your smartphone battery life, so using power-saving features and portable chargers can help.",https://www.verizon.com/articles/how-to-preserve-smartphone-battery-life-when-traveling/
Lost Your Verizon Phone? Here's How to Find It,"If you've lost your Verizon phone, you can take steps to locate it using device tracking features provided by Verizon.",https://www.verizon.com/articles/lost-your-verizon-phone-heres-how-to-find-it/
How to Track Data Usage With My Verizon,"You can track your data usage with My Verizon, which provides information about your monthly data consumption.",https://www.verizon.com/articles/how-to-track-data-usage-with-my-verizon/
Find & download ringtones,"Finding and downloading ringtones for your phone can be an enjoyable way to personalize your device. You can search for ringtones in your device's app store or use online ringtone websites. Once you've found a ringtone you like, you can download and set it as your default ringtone or for specific contacts.",https://www.verizon.com/articles/ringtones-how-to-get-and-use-them/
DIY: How to Make Your TV a Smart TV,"Turning your TV into a smart TV is possible by using various devices like streaming media players or smart TV boxes. These devices can be connected to your TV's HDMI port and provide access to streaming apps, web browsing, and more. Additionally, many modern TVs come with smart features built-in.",https://www.verizon.com/articles/how-to-make-your-tv-a-smart-tv/
How to Record Audio on Your Smartphone,"Recording audio on your smartphone is easy using the built-in voice recording app or third-party apps available in your device's app store. You can use this feature to capture lectures, interviews, or personal notes.",https://www.verizon.com/articles/cell-phone-tips/how-to-record-audio-on-your-smartphone/
What is live streaming?,"Live streaming refers to the real-time broadcasting of video or audio content over the internet. It allows viewers to watch or listen to an event as it happens. Live streaming is used for a wide range of purposes, including live news broadcasts, gaming, webinars, and social media content.",https://www.verizon.com/articles/social-media-livestreaming/
Is My Biometric Data Safe?,"The safety of your biometric data, such as fingerprints or facial recognition, depends on the security measures in place. Biometric data is typically stored and processed securely, but it's essential to use secure devices and services that protect your data. Biometric data can enhance security but should be used with caution.",https://www.verizon.com/articles/is-my-biometric-data-safe/
How to give the gift of Android apps,"Gifting Android apps to friends or family is possible through the Google Play Store. You can select an app as a gift, provide the recipient's email address, and make the purchase. The recipient will receive an email with instructions to redeem the app.",https://www.verizon.com/articles/how-to-gift-an-android-app/
What is VPN?,"A VPN, or Virtual Private Network, is a technology that enhances your online privacy and security. It creates a secure, encrypted connection between your device and a remote server, hiding your IP address and encrypting your internet traffic. VPNs are used to protect your data and maintain anonymity while browsing the web.",https://www.verizon.com/articles/internet-essentials/vpn-definition/
Ways to make money from your cell phone,"There are various ways to make money using your cell phone, such as participating in online surveys, freelancing, selling products on e-commerce platforms, or even starting a mobile app business. Earning money through your phone can be flexible and convenient.",https://www.verizon.com/articles/Smartphones/make-money-from-your-cell-phone/
How to Clean Your Cell Phone and Keep it Germ-Free,Keeping your cell phone clean and germ-free involves regularly wiping the screen and casing with a microfiber cloth and using a disinfectant solution. Be careful not to let liquids enter the device's openings. Regular cleaning helps prevent the buildup of germs and bacteria.,https://www.verizon.com/articles/Smartphones/how-to-clean-your-cell-phone/
Connect an Android phone to a Mac,"Connecting an Android phone to a Mac computer can be done through a USB cable. Once connected, you can transfer files between the two devices. You may need to install Android File Transfer on your Mac for seamless data transfer.",https://www.verizon.com/articles/Smartphones/how-to-connect-an-android-phone-to-a-mac/
Cell phones for seniors with features they'll love,"Cell phones designed for seniors often include features like large buttons, simplified menus, and emergency assistance buttons. These phones are user-friendly and prioritize ease of use, making them ideal for older individuals.",https://www.verizon.com/articles/Smartphones/cell-phones-for-seniors/
Phone Upgrades: Your Top Questions Answered,"Answers to common questions about phone upgrades, including when to upgrade, how to transfer data, and how to choose the right device for your needs.",https://www.verizon.com/articles/Smartphones/phone-upgrades-your-top-questions-answered/
What to do with your old smartphone,"Disposing of your old smartphone responsibly can involve recycling, donating, or trading it in. Recycling helps reduce electronic waste, while donating can benefit others in need. Trading in your old phone can provide a credit toward a new device.",https://www.verizon.com/articles/prepaid-and-cpo/what-to-do-with-your-old-smartphone/
Certified Pre-Owned Phones: Top Questions Answered,"Information about certified pre-owned phones, including their condition, warranty, and potential savings compared to new devices.",https://www.verizon.com/articles/prepaid-and-cpo/certified-pre-owned-phones--your-top-questions-answered/
Learn more about switching to Verizon,"Information about the process of switching to Verizon, including selecting a plan, transferring your number, and setting up your services with the carrier.",https://www.verizon.com/articles/switching-to-verizon/
"Switching Phone Carriers: Costs, Fees & Deals","Explaining the costs, fees, and potential deals associated with switching phone carriers, including early termination fees and special promotions.",https://www.verizon.com/articles/switching-to-verizon/switching-phone-carriers-costs-fees-and-deals/
How to get epic photos at sunrise with your smartphone,"Tips for capturing stunning sunrise photos with your smartphone, including camera settings and composition techniques.",https://www.verizon.com/articles/sunrise-photography-tips/
Unlocked Phones vs. Contract Phones,"Comparing the benefits of unlocked phones, which are not tied to a specific carrier, with contract phones that often come with service agreements.",https://www.verizon.com/articles/switching-to-verizon/unlocked-vs-contract-phones/
How to Transfer Your Internet Service and Other Moving Tips,"Tips for transferring your internet service when moving to a new location, including scheduling and troubleshooting.",https://www.verizon.com/articles/tips-for-moving/
How to choose the right Fitbit fitness tracker,Guidance on selecting the appropriate Fitbit fitness tracker based on your fitness goals and preferences.,https://www.verizon.com/articles/how-to-choose-the-best-fitbit/
Hello,"Hi, how can I help you?",https://www.verizon.com/
Hi,"Hi, how can I help you?",https://www.verizon.com/
Hey,"Hi, how can I help you?",https://www.verizon.com/
